{
  "meta": {
    "generated_at": "2026-05-28T11:07:21+00:00",
    "n_tickers": 62,
    "n_with_data": 61
  },
  "companies": {
    "VEEV": {
      "buyback_yield_ttm": -0.0073468702343995685,
      "dividend_yield": null,
      "sbc_dilution_pct": null,
      "net_shareholder_return": -0.0073468702343995685,
      "currency": "USD"
    },
    "MSFT": {
      "buyback_yield_ttm": -2.6628504491861013e-06,
      "dividend_yield": 0.88,
      "sbc_dilution_pct": null,
      "net_shareholder_return": 0.8799973371495509,
      "currency": "USD"
    },
    "ADYEN": {
      "buyback_yield_ttm": -0.0016358486293887979,
      "dividend_yield": null,
      "sbc_dilution_pct": null,
      "net_shareholder_return": -0.0016358486293887979,
      "currency": "EUR"
    },
    "BN": {
      "buyback_yield_ttm": -0.48990633227456293,
      "dividend_yield": 0.61,
      "sbc_dilution_pct": null,
      "net_shareholder_return": 0.12009366772543706,
      "currency": "USD"
    },
    "COST": {
      "buyback_yield_ttm": -0.00025049308774479495,
      "dividend_yield": 0.59,
      "sbc_dilution_pct": null,
      "net_shareholder_return": 0.5897495069122551,
      "currency": "USD"
    },
    "DSGX": {
      "buyback_yield_ttm": -0.00486016343089347,
      "dividend_yield": null,
      "sbc_dilution_pct": null,
      "net_shareholder_return": -0.00486016343089347,
      "currency": "USD"
    },
    "RAA": {
      "buyback_yield_ttm": 0.0,
      "dividend_yield": 0.024300000000000002,
      "sbc_dilution_pct": null,
      "net_shareholder_return": 0.024300000000000002,
      "currency": "EUR"
    },
    "ZS": {
      "buyback_yield_ttm": -0.038107416879795394,
      "dividend_yield": null,
      "sbc_dilution_pct": null,
      "net_shareholder_return": -0.038107416879795394,
      "currency": "USD"
    },
    "NTO": {
      "buyback_yield_ttm": -8.32647269718767e-06,
      "dividend_yield": 0.030699999999999998,
      "sbc_dilution_pct": null,
      "net_shareholder_return": 0.03069167352730281,
      "currency": "JPY"
    },
    "AMZN": {
      "buyback_yield_ttm": -0.013027470971396206,
      "dividend_yield": null,
      "sbc_dilution_pct": null,
      "net_shareholder_return": -0.013027470971396206,
      "currency": "USD"
    },
    "SU": {
      "buyback_yield_ttm": -0.00223041738728756,
      "dividend_yield": 0.015600000000000001,
      "sbc_dilution_pct": null,
      "net_shareholder_return": 0.013369582612712441,
      "currency": "EUR"
    },
    "ITX": {
      "buyback_yield_ttm": -0.00045641407990000847,
      "dividend_yield": 0.0123,
      "sbc_dilution_pct": null,
      "net_shareholder_return": 0.011843585920099991,
      "currency": "EUR"
    },
    "LOTB": {
      "buyback_yield_ttm": 0.0005083289639197209,
      "dividend_yield": 0.83,
      "sbc_dilution_pct": null,
      "net_shareholder_return": 0.8305083289639197,
      "currency": "EUR"
    },
    "HLMA": {
      "buyback_yield_ttm": -0.0013615115727118314,
      "dividend_yield": 0.51,
      "sbc_dilution_pct": null,
      "net_shareholder_return": 0.5086384884272882,
      "currency": "GBp"
    },
    "FICO": {
      "buyback_yield_ttm": 0.02575504263693014,
      "dividend_yield": null,
      "sbc_dilution_pct": null,
      "net_shareholder_return": 0.02575504263693014,
      "currency": "USD"
    },
    "LIFCO B": {
      "buyback_yield_ttm": 0.0,
      "dividend_yield": 0.9,
      "sbc_dilution_pct": null,
      "net_shareholder_return": 0.9,
      "currency": "SEK"
    },
    "EVD": {
      "buyback_yield_ttm": 0.0,
      "dividend_yield": 0.025099999999999997,
      "sbc_dilution_pct": null,
      "net_shareholder_return": 0.025099999999999997,
      "currency": "EUR"
    },
    "MNST": {
      "buyback_yield_ttm": -0.005173269590649885,
      "dividend_yield": null,
      "sbc_dilution_pct": null,
      "net_shareholder_return": -0.005173269590649885,
      "currency": "USD"
    },
    "ABNB": {
      "buyback_yield_ttm": 0.033707865168539325,
      "dividend_yield": null,
      "sbc_dilution_pct": null,
      "net_shareholder_return": 0.033707865168539325,
      "currency": "USD"
    },
    "DNP": {
      "buyback_yield_ttm": -0.017045990919422997,
      "dividend_yield": 0.0719,
      "sbc_dilution_pct": null,
      "net_shareholder_return": 0.05485400908057701,
      "currency": "USD"
    },
    "VLTO": {
      "buyback_yield_ttm": -0.004042037186742118,
      "dividend_yield": 0.62,
      "sbc_dilution_pct": null,
      "net_shareholder_return": 0.6159579628132579,
      "currency": "USD"
    },
    "LR": {
      "buyback_yield_ttm": 0.0018982809032665696,
      "dividend_yield": 0.0159,
      "sbc_dilution_pct": null,
      "net_shareholder_return": 0.017798280903266572,
      "currency": "EUR"
    },
    "JDG": {
      "buyback_yield_ttm": -0.0012898789067463316,
      "dividend_yield": 0.0256,
      "sbc_dilution_pct": null,
      "net_shareholder_return": 0.02431012109325367,
      "currency": "GBp"
    },
    "STMN": {
      "buyback_yield_ttm": 2.634040570508854e-07,
      "dividend_yield": 0.011000000000000001,
      "sbc_dilution_pct": null,
      "net_shareholder_return": 0.011000263404057051,
      "currency": "CHF"
    },
    "META": {
      "buyback_yield_ttm": 0.0019133389649935491,
      "dividend_yield": 0.33,
      "sbc_dilution_pct": null,
      "net_shareholder_return": 0.3319133389649936,
      "currency": "USD"
    },
    "KKR": {
      "buyback_yield_ttm": -0.003624806772649062,
      "dividend_yield": 0.79,
      "sbc_dilution_pct": null,
      "net_shareholder_return": 0.7863751932273509,
      "currency": "USD"
    },
    "NET": {
      "buyback_yield_ttm": -0.020391178901277347,
      "dividend_yield": null,
      "sbc_dilution_pct": null,
      "net_shareholder_return": -0.020391178901277347,
      "currency": "USD"
    },
    "CRWD": {
      "buyback_yield_ttm": -0.02215256261296153,
      "dividend_yield": null,
      "sbc_dilution_pct": null,
      "net_shareholder_return": -0.02215256261296153,
      "currency": "USD"
    },
    "GOOG": {
      "buyback_yield_ttm": 0.010072885103595119,
      "dividend_yield": 0.23,
      "sbc_dilution_pct": null,
      "net_shareholder_return": 0.24007288510359512,
      "currency": "USD"
    },
    "ABBNE": {
      "buyback_yield_ttm": 0.010907923578449916,
      "dividend_yield": 0.011200000000000002,
      "sbc_dilution_pct": null,
      "net_shareholder_return": 0.022107923578449918,
      "currency": "CHF"
    },
    "GRMN": {
      "buyback_yield_ttm": -0.0007897416713427686,
      "dividend_yield": 0.0176,
      "sbc_dilution_pct": null,
      "net_shareholder_return": 0.01681025832865723,
      "currency": "USD"
    },
    "KRX": {
      "buyback_yield_ttm": 0.010253213976411582,
      "dividend_yield": 0.71,
      "sbc_dilution_pct": null,
      "net_shareholder_return": 0.7202532139764115,
      "currency": "EUR"
    },
    "KSPI": {
      "buyback_yield_ttm": -0.0011167654441912016,
      "dividend_yield": 0.0385,
      "sbc_dilution_pct": null,
      "net_shareholder_return": 0.037383234555808796,
      "currency": "USD"
    },
    "CBAV": {
      "buyback_yield_ttm": -0.0015787270454156797,
      "dividend_yield": 0.0281,
      "sbc_dilution_pct": null,
      "net_shareholder_return": 0.02652127295458432,
      "currency": "EUR"
    },
    "NVDA": {
      "buyback_yield_ttm": 0.007067859623319852,
      "dividend_yield": 0.47,
      "sbc_dilution_pct": null,
      "net_shareholder_return": 0.4770678596233198,
      "currency": "USD"
    },
    "COR": {
      "buyback_yield_ttm": 0.005161970438603158,
      "dividend_yield": 0.9,
      "sbc_dilution_pct": null,
      "net_shareholder_return": 0.9051619704386031,
      "currency": "USD"
    },
    "TSM": {
      "buyback_yield_ttm": 8.048553850928476e-06,
      "dividend_yield": 0.9,
      "sbc_dilution_pct": null,
      "net_shareholder_return": 0.900008048553851,
      "currency": "USD"
    },
    "SPOT": {
      "buyback_yield_ttm": -0.009753115181098736,